post_id,post_title,post_body,themes,comment_id,comment_body,l1_coding,span_if_claim,nikil_notes
83mrh7,I need some help with dosing,"A little backstory: I have extreme chronic pain, and where I live pain medicine is controlled and so there are no doctors who will prescribe me anything for pain, which is frustrating.
Anyway, I found a guy who has been selling me percocets for the last 6 months and I have been taking about 6 a day, sometimes more depending on how bad my pain is. The guy who provided them doesn't have anymore at the moment and I am suffering from withdrawals. The guy gave me Suboxone and said it helps with withdrawals, but the thing is he said he has no idea how much or how often I should take them and because this is the first time I have heard of this stuff, I'm kind of afraid of taking them especially since I don't know how much to take or how often to take them.

So my questions are, what's the starting dose of this stuff? How often should I take them? How do I ingest it, do I swallow them? I thought I read somewhere you put them under your tongue, is this true? He gave me 2mg and 8 mg pills. Is that too much or too little? How long after my last percocet dose should I take it? My last percocet dose was 18 hours ago and I feel awful, and it will only get worse, right?
I'm so torn on what to do. On one hand I want this crappy feeling to go away now, but on the other hand I'm too afraid to take something foreign to me that has never been prescribed.

Not only do I have lots of questions about Suboxone, but I'm also looking for support. I'm just really scared right now because I feel like I'm dying.
","MOUD Administration,Psychophysical Effects,Co-occuring Drug Usage",83mrh7_comment1,"If you were taking 30mg of OC a day, I probably start with just the 2mg pill.
It's taken sublingually. Hold it under your tongue until it dissolves. I usually hold the liquid in my mouth for 10 min after it dissolves then swallow it.
Wait an hour. If you're not feeling relief, take another mg or two. I don't think you will need over 4mg a day.
You may need to redose in 12 hours. You'll eventually figure out what works for you.
You don't want to over do it because taking too much can make you sick.
Sub has an extremely long half life.  ","CLAIM, HEDGED, EXPER","If you're not feeling relief, take another mg or two. , I don't think you will need over 4mg a day. | You may need to redose in 12 hours. , taking too much can make you sick. , Sub has an extremely long half life.",
aqh5v1,Using pain killers to get off suboxone?,"So. This is going to sound weird, but I actually wasn't put on suboxone for opiate dependence. I was put on it 3 years ago because this new age doctor said it could help with my depression by raising my dopamine levels. Anyways long story short. 3 years later I am on testosterone therapy at 28. Because the suboxone killed my T levels so much. My libido/mood/energy/etc is still super up or down even with testosterone therapy. My hormone doctor says that getting off the suboxone would help immensely in making the testosterone work better. I want to get off the suboxone but I heard it's worse then opiate withdrawals. Which I have no idea what those are like, but I have heard they are miserable. And I have also heard suboxone withdrawals last longer. I guess my question is, could I stop the suboxone for maybe 3 days. Switch to maybe something like Percocet or Vicodin. Stay on those for maybe 2 months. And by the time the 2 months has passed the suboxone should be totally out of my system and then just stop the painkillers? I know this sounds crazy and stupid. But just wondering if it's an option. I feel trapped on this drug. I just feel numb to life at times and I honestly feel like I felt better before I went on it. Thanks for any help. I heard reddit is a pretty good place for opioid help!","Tapering,Psychophysical Effects",aqh5v1_comment7,I use tramadol or kratom to get off subs after a thorough taper.  Works great.  I'll take tramadol for 5 days or so and kratom for 7-10.  Tapering those each day as well.  The key is to feel a little sick even while taking those meds for relief.,"CLAIM, EXPER",The key is to feel a little sick even while taking those meds for relief.,
b003t3,Zubsolv,"I cant stand the taste of Suboxone so I went with Zubsolv. ""Same thing"" Bupe and nx but with a mint taste which is so much better. But it seems that Im getting these just for breath mints. They are not working for me AT ALL. Any experiences with these? Do you need to be on them for a month to start feeling better or what? Im getting no relief. Also im not getting precipitated wd. Just nothing really.","MOUD Administration,Psychophysical Effects",b003t3_comment13,"I remember when they came out and everyone was forced to switch to it, everybody had issues and quickly got switched back to sub.",CLAIM,"everyone was forced to switch to it, everybody had issues and quickly got switched back to sub.",not a medical guidelines alignment question. happy to remove if unrelated.
ire9iq,Tablets vs. Films,"I'm sure there have been a few of these threads on here, but I'm hoping to get some feedback. I have had two weeks now on Suboxone. The first week, my doctor ordered films. But my insurance didn't cover them for whatever reason, I paid cash. This past week, he switched it to tablets so my insurance would cover it. But it seems like a lot of my symptoms have cone back. It's kinda hard to tell though. But I know I'm not sleeping as well, and seem more on edge.

Anyone prefer one over the other?","MOUD Administration,Psychophysical Effects,Access Logistics",ire9iq_comment2,"I like the films better. They dissolve a lot faster and they seem to be more effective. I take them on my cheek because it seems to be more efficient, and you can talk with them there.","EXPER, CLAIM, HEDGED",They dissolve a lot faster,
pl4i37,Hard to Wrap My Head Around,"I began MAT to assist with my stepping out of pain management with oxy/hydro after almost 11 years. As well, I needed to find a solution to address my chronic pain (Multiple Sclerosis/Broken Neck).

I didn't expect the pain relief to be as good as it is. My initial plan to stay in MAT for 90 days and then taper while searching out pain solutions.

It's now hitting home with me that Suboxone may be with me for a very long time as it works so well. I'm grateful, but I'm also anxious by the thought of being dependent, which we all know has or will happen (85 days on).

I wanted to stop the other drugs being prescribed by pain management because they weren't working any longer and I was simply over the monthly hassle of going through the PM gauntlet.

The MAT visits are so easy and simple and I don't feel on guard all the time. But still, it's hard for me to think/know Suboxone may be the rest of my life answer for me.

Anyone else using Subs for PM and experience anxiety about being dependent to keep your life moving forward?

I  think something that may be impacting my anxiety is that I've had the crap scared out of me by reading some Redditor's posts about the hell they've experienced while tapering and let's not forget the fear that sits under the surface of ""What if I'm in a bad accident.""

I'm not sure what it will take to decrease my anxiety surrounding Suboxone for life. All I know is I'm feeling tremendously better... pain is controlled, so I'm checked in and present. This is a lovely state to live in a compared to going to PM just to stay out of withdrawal.

Pearls of wisdom anyone?",Psychophysical Effects,pl4i37_comment16,Suboxone should only be used for the duration of the drug withdrawals anything used after that is for pain relief and also a habit worse than oxy to quit.,CLAIM,Suboxone should only be used for the duration of the drug withdrawals anything used after that is for pain relief and also a habit worse than oxy to quit.,
uxyr8i,First time Subs. Need advice,"I am about to switch to Subs from H. I was taking 1.5g of H daily and was prescribed 16mg subs daily.

I'm worried about PWD and an planning on waiting as long as possible into WDs before taking my first dose of Subs. I've read 26 on COWS scale is safe and will hopefully wait 48 hours + until starting.

For my first dose, I would like to take 2mg and then take another .5mg every 2 hours until I feel okay. I am doing this to avoid having to take a full 16mg.

I also plan on reducing the amount of Subs I am taking every 5 days by 25% until I am down to about .25mg and will then jump. If at any point I don't adjust to a lower dose, I will increase by .25 and stay for another 4 days until I feel good.

Any advise with any of the above? All opinions are appreciated.","Co-occuring Drug Usage,MOUD Administration",uxyr8i_comment11,"With what's in the dope now, that sht can stick on your receptors for days. I waited 2.5 days once and still went into PWD...and it took 11 days to get out of my pee. But that was pure Fent...are you sure it's not fent?","HEDGED, EXPER",,
tc4wx5,What an ironic cluster fuck.,"I've been on Suboxone for almost 6 years. Same doctor, same pharmacy, no problems. I have my first Sublocade shot on Monday and so I tapered from 8-4 with my last prescription. My doctor told me that if I needed to take 6 at first that would be okay and to let her know. I did and I did. I emailed her 11 days ago to let her know I would need my next prescription a few days early. I knew there would be an issue at WALGREENS so I emailed again to check in. Since yesterday I've had a phone appointment, a physical appointment, and numerous emails. The pharmacy sent my prescription somewhere else, then sent it back. They needed to speak with my doctor and now don't have any Suboxone in stock.  Today is the first time in almost 6 years I've had withdrawals. I know I should feel fortunate, but I just feel like shit.

Any recommendations on comfort meds? I have muscle relaxers, some gabapentin I've never taken before, and a mild anti anxiety medicine my mom gave me. Does any of it actually help?

Edit- I've called my big brother. He might be able to help. Thank you to everyone that has offered information and advice. This sub means a lot to me. I appreciate you all so much..

Edit #2- my brother just left. I'll be ok until Monday. Thanks again ❤️
Peace & Love ❤️","Access Logistics,Psychophysical Effects",tc4wx5_comment1,The gabapentin will help tremendously.  If your anti-anxiety med is a benzodiazepine it will ad to the gabapentin benefits. Dont take too much of the benzo- caution.,CLAIM,The gabapentin will help tremendously.  If your anti-anxiety med is a benzodiazepine it will ad to the gabapentin benefits. Dont take too much of the benzo- caution.,
tc4wx5,,,"Psychophysical Effects,Access Logistics",tc4wx5_comment5,"Kratom will absolutely knock out any withdrawal symptoms you have. If wherever you buy it from has something called a MIT shot (it's the same type of little bottle that 5 hour energy comes in), just take one, and you'll be better than fine, and it doesn't even taste as horrible as you'd think it would, though not exactly pleasant, lol. If they don't have that, just buy the powder and mix it into yogurt or orange juice.

Just know that kratom definitely can cause an addiction as well, so use it sparingly, and only if you aren't worried about it causing a relapse.

And as far as what you already have, the gabapentin would help somewhat, at least with the RLS, and if the ""mild"" anti anxiety is a benzo, it'll help quite a bit (if it's vistoril, it probably won't help it all).

Good luck ✌️","CLAIM, EXPER, SUPPORT","Kratom will absolutely knock out any withdrawal symptoms you have. If wherever you buy it from has something called a MIT shot (it's the same type of little bottle that 5 hour energy comes in), just take one, and you'll be better than fine, and it doesn't even taste as horrible as you'd think it would, though not exactly pleasant, lol. If they don't have that, just buy the powder and mix it into yogurt or orange juice. Just know that kratom definitely can cause an addiction as well, so use it sparingly, and only if you aren't worried about it causing a relapse.",
v7xe4q,Ready to take the next step.,"Hi all. I quit benzos and opiates in late April. I've been doing HUGE quantities of kratom every day to cope. My friend gave me an 8mg sub strip, I cut it into 4 strips and one under my tongue helped more than the kratom ever did. I didn't want to go out and buy anymore---I was content, yet not fucked up.



So, here's where I'm at. I want to get off kratom with subs, but I don't currently have a job. Any advice would be heavily recommended on how I could get prescribed Suboxone.","Access Logistics,Co-occuring Drug Usage,MOUD Administration",v7xe4q_comment5,"Suboxone may be a life saver, but it can easily become a long-term crutch that will start slowly draining your life. It's still slavery to a substance.
I had a kratom habit (among other opioids) that led to an 8 year dependence on Suboxone. Now I'm on sublocade shot, still sucks, but it will soon be over.

My advice, find a doc who can get you on a low dose of suboxone (4mg) for a week or two, then get one or two shots of 100mg sublocade (a long term bupe release injection) over the next 6 weeks.
And then forget about it. The sublocade shot (s) will ease you through the taper and you could be clean and free 6-12 months from now.","CLAIM, EXPER","Suboxone may be a life saver, but it can easily become a long-term crutch that will start slowly draining your life. It's still slavery to a substance., My advice, find a doc who can get you on a low dose of suboxone (4mg) for a week or two, then get one or two shots of 100mg sublocade (a long term bupe release injection) over the next 6 weeks.
And then forget about it. The sublocade shot (s) will ease you through the taper and you could be clean and free 6-12 months from now.",
w6s4o1,Needing a new suboxone provider and wondering how long I need to stay off benzos once I know when my appointment is. Please read there's a lot of information in there,"How long do benzos last in your system for a urine test if I've been taking them semi daily for about a month?

I need to get a Suboxone prescriber, because I am on opioid maintenance therapy and currently on suboxone  because I do not want to relapse on opiates.
The reason I take benzos is because I am single and I go on a lot of dates and they really help me be myself when I'm first meeting a girl and I have a fair amount of  success with smashing on the first date on the times I take benzos versus the times I don't.

Lately I've been hooking up with people more often and I have been taking benzos more regularly. The issue is I am currently looking for a prescriber for Buprenorphine( suboxone ) because the one I was with was treating me like shit. I have my own mental conditions where I have trouble peeing so doing in person drug tests every single week is really really hard for me and causes me a lot of stress.  The place I worked with wasn't willing to let me do drug tests less often or do blood tests instead of urine so I ended up leaving them since I still had a fair amount of subs left over.

So I'm now looking for a doc and I'm sure I will need to give them at least 1 clean drug test. I'm not sure when I'll have an appointment with the doctor who can prescribe me subs but when I do I'll need to make sure my urine is clean.

After I know when my appointment is how long should I start to taper / stay off benzos to ensure my piss is clean? (I have a very fast metabolism I'm a skinny guy)


 Gonna post this in a couple sub Reddits and see some different opinions but yeah thank you guys

TLDR:
Need Suboxone prescriber, how long do I need to be off benzos in order to piss clean for them, been taking them semi daily for about a month.

If anything is against the rules i am very sorry I promise I do my stuff responsibly and am not at a high dose or risking over dose, I take a very small amount of Suboxone and have a huge tolerance to it
, please remove post it against the rules before banning me as this community is very helpful for me!","Access Logistics,Co-occuring Drug Usage,Tapering",w6s4o1_comment6,The long and short of it is there's a national database with every script you've been given (US). Some doctors won't check it.,CLAIM,The long and short of it is there's a national database with every script you've been given (US). Some doctors won't check it.,
wxz2yu,tablets vs film,"""So which do y'all prefer and why? I switched to the tablets after being on the films for over a year. No not so I can snort them either..
When it comes to proper sublingual administration which does everyone prefer??
My daily dose is 24mg a day. 16mg in the morning and 8mg before bed. Thanks in advance for the feedback""",MOUD Administration,wxz2yu_comment13,I heard snorting bupe can cause the naloxone agent and you'll go into full withdrawals,"HEDGED, CLAIM",I heard snorting bupe can cause the naloxone agent and you'll go into full withdrawals,
aqh5v1,Using pain killers to get off suboxone?,"So. This is going to sound weird, but I actually wasn't put on suboxone for opiate dependence. I was put on it 3 years ago because this new age doctor said it could help with my depression by raising my dopamine levels. Anyways long story short. 3 years later I am on testosterone therapy at 28. Because the suboxone killed my T levels so much. My libido/mood/energy/etc is still super up or down even with testosterone therapy. My hormone doctor says that getting off the suboxone would help immensely in making the testosterone work better. I want to get off the suboxone but I heard it's worse then opiate withdrawals. Which I have no idea what those are like, but I have heard they are miserable. And I have also heard suboxone withdrawals last longer. I guess my question is, could I stop the suboxone for maybe 3 days. Switch to maybe something like Percocet or Vicodin. Stay on those for maybe 2 months. And by the time the 2 months has passed the suboxone should be totally out of my system and then just stop the painkillers? I know this sounds crazy and stupid. But just wondering if it's an option. I feel trapped on this drug. I just feel numb to life at times and I honestly feel like I felt better before I went on it. Thanks for any help. I heard reddit is a pretty good place for opioid help!","Tapering,Psychophysical Effects",aqh5v1_comment2,"First, don't overthink this. Yes, withdrawal sucks but it's completely possible to taper down slowly with no or minimal side effects. Most of withdrawal is mental so if you keep thinking you'll have a hard time, you'll make it much worse.

Do **NOT** switch to opioids to try to get off Suboxone. There's a reason Suboxone is used for M.A.T. and not Perocet (oxycodone) or Vicodin (hydrocodone) and that's because those pills are far more addictive, will cause a high, and have a shorter half-life so you have to take more. Opioids are not the answer to get off Suboxone.

What dose are you on? If you're on a dose of 4 mg or less, any withdrawal will be minimal and easily remedied. Suboxone has only been used in a few small studies for depression and when used for depression-only, the dosage is only .4 mg daily to prevent addiction. It's pretty shitty that any doctor would think an addictive drug would be a good treatment for depression.

* [NCBI Study: Safety, Tolerability, and Clinical Effect of Low-Dose Buprenorphine for Treatment-Resistant Depression in Mid-Life and Older Adults](https://www.ncbi.nlm.nih.gov/pmc/articles/PMC4157317/)

If you want to get off Suboxone, it's really not a big deal to taper. You can taper slowly and have few, if any, withdrawal symptoms or you can do a rapid taper and few like garbage for a few days and then it's done. I had been on 32 mg for years and was tapered off in 4 days at a detox. They just cut my dose in half for 4 days and that was it. I felt horrible for a week but then I was fine. If you want to taper slowly, you can even use this [taper calculator](http://www.helpmegetoffdrugs.com/taper) and put in your dose and how soon you want to get off them and it will calculate the doses for you.

Whatever you do, avoid adding more addictive drugs and just get off Suboxone the right way.","CLAIM, EXPER, SUPPORT, REF","Most of withdrawal is mental, Do NOT switch to opioids to try to get off Suboxone, those pills are far more addictive, will cause a high, and have a shorter half-life, Opioids are not the answer to get off Suboxone, If you're on a dose of 4 mg or less, any withdrawal will be minimal and easily remedied, it's really not a big deal to taper, avoid adding more addictive drugs and just get off Suboxone the right way",
ire9iq,Tablets vs. Films,"I'm sure there have been a few of these threads on here, but I'm hoping to get some feedback. I have had two weeks now on Suboxone. The first week, my doctor ordered films. But my insurance didn't cover them for whatever reason, I paid cash. This past week, he switched it to tablets so my insurance would cover it. But it seems like a lot of my symptoms have cone back. It's kinda hard to tell though. But I know I'm not sleeping as well, and seem more on edge.

Anyone prefer one over the other?","MOUD Administration,Psychophysical Effects,Access Logistics",ire9iq_comment7,"I noticed the tablets feel weaker causing me to have to take more. For example, I can take 4mg on film and need 6-8 mg on tablet to feel ok.

Considering you're new to taking the drug, you probably don't absorb it almost perfect yet, I struggle to absorb it well when only taking tablet and I've been using subs for 10 years, considering that, you are probably wasting most of your dose down your mouth which is already weaker imp. I would try taking the dose back to back. For example if you take 8mg in morning, take 4mg at 9am and 4mg at 945am. You will get more from the dose until you work out the kinks.

Ask your doctor to submit a letter to insurance company saying you need films. They do it all the time, if your doctor won't, show them the sub reddits. The tablets have me little white marks under my tongue that hurt because they took so long to work. Insurance have me films right away and name brand!

But you usually have to try 3 generic films to get brand name before you can say they don't work as well.","EXPER, HEDGED, CLAIM, META-R","Ask your doctor to submit a letter to insurance company saying you need films. They do it all the time, if your doctor won't, show them the sub reddits.",
